Date,Station,lat,long,f0 (python),std (python),f0 (grilla),std (grilla),Vs Ave,Depth Ave,RC,2nd peaks,Noise,A(f0)/A(f)>4,Prox. Water,Suspected Cause
27/11/2022,WIN0008,44.213498,-76.32,11.08,0.42,na,na,250,,1,"0.5,90",Sub 2,FALSE,500,"Active data recording, probably lots of ringing"
27/11/2023,WIN0009,44.2135,-76.31998,11.18,0.66,na,na,250,,2,"0.5,90",Sub 2,FALSE,500,"Active data recording, probably lots of ringing"
27/11/2022,WIN0011,44.21352,-76.31995,10.93,0.09,na,na,250,,4,"0.5,90",Sub 2,FALSE,500,"Active data recording, probably lots of ringing"
27/11/2021,WIN0012,44.213163,-76.320697,11.78,0.04,11.5,0.86,250,,4,"0.5,90",Sub 2,FALSE,500,"Active data recording, probably lots of ringing"
15/02/2022,WIFP2,44.221388,-76.368493,NA,NA,NA,NA,250,,0,,,,,Collected directly on ice (frozen creek)
17/03/22,WIVS02,44.21351,-76.319983,24.22,0.04,24.5,0.33,250,2.58,5,0,Sub 5,FALSE,,"No bucket, wind noise"
13/10/2021,WI006,44.212008,-76.223587,12.74,0.71,12.5,0.2,250,4.91,3,38,sub peak sub 1,FALSE,15,surrounded by high crass
13/10/2021,WIQ004,44.21546,-76.326782,11.08,0.68,11.5,0.25,250,5.64,1,0,Sub 1,FALSE,800,surrounded by high grass
27/11/2021,WINQ0010003,44.21258,-76.265663,7.63,0.05,8,1.1,250,8.19,3,47,Sub 3,FALSE,2,Extremely wet & soft sand+clay
27/11/2021,WINQ0010004,44.212643,-76.265537,3.6,0.38,3.75,0.34,250,17.36,3,53,Sub1.5,FALSE,2,Extremely wet & soft sand+clay
13/10/2021,WI008,44.191578,-76.438107,10.8,0.04,11.3,0.18,250,5.79,3,2,Sub 10,FALSE,350,~0.5m from large light pole
15/02/2022,WIFQ2,44.221328,-76.368672,90.22,0.24,90.5,1.5,250,0.69,4,45,0,TRUE,,Generator?
17/03/22,WIS02,44.2138716,-76.3207167,18.49,0.06,18.82,0.18,250,3.38,4,27,Sub 5,FALSE,,"~1m from well, ontop of loose and moved soil"
